-- phpMyAdmin SQL Dump
-- version 5.0.2
-- https://www.phpmyadmin.net/
--
-- Host: 127.0.0.1
-- Generation Time: Jun 18, 2021 at 08:07 AM
-- Server version: 10.4.14-MariaDB
-- PHP Version: 7.2.33

SET SQL_MODE = "NO_AUTO_VALUE_ON_ZERO";
START TRANSACTION;
SET time_zone = "+00:00";


/*!40101 SET @OLD_CHARACTER_SET_CLIENT=@@CHARACTER_SET_CLIENT */;
/*!40101 SET @OLD_CHARACTER_SET_RESULTS=@@CHARACTER_SET_RESULTS */;
/*!40101 SET @OLD_COLLATION_CONNECTION=@@COLLATION_CONNECTION */;
/*!40101 SET NAMES utf8mb4 */;

--
-- Database: `imperial_college`
--

-- --------------------------------------------------------

--
-- Table structure for table `class_result`
--

CREATE TABLE `class_result` (
  `class_result_id` int(11) NOT NULL,
  `roll_no` varchar(30) NOT NULL,
  `course_code` varchar(30) NOT NULL,
  `subject_code` varchar(10) NOT NULL,
  `semester` varchar(11) NOT NULL,
  `total_marks` varchar(11) NOT NULL,
  `obtain_marks` varchar(11) NOT NULL,
  `result_date` varchar(10) NOT NULL
) ENGINE=InnoDB DEFAULT CHARSET=latin1;

-- --------------------------------------------------------

--
-- Table structure for table `courses`
--

CREATE TABLE `courses` (
  `course_code` varchar(10) NOT NULL,
  `course_name` varchar(50) NOT NULL,
  `semester_or_year` varchar(10) NOT NULL,
  `no_of_year` int(10) NOT NULL
) ENGINE=InnoDB DEFAULT CHARSET=latin1;

--
-- Dumping data for table `courses`
--

INSERT INTO `courses` (`course_code`, `course_name`, `semester_or_year`, `no_of_year`) VALUES

('B.Tech', 'Bachelor in Technology', 'Semester', 4);


-- --------------------------------------------------------

--
-- Table structure for table `course_subjects`
--

CREATE TABLE `course_subjects` (
  `subject_code` varchar(10) NOT NULL,
  `subject_name` varchar(50) NOT NULL,
  `course_code` varchar(10) NOT NULL,
  `semester` int(10) NOT NULL,
  `credit_hours` int(5) NOT NULL
) ENGINE=InnoDB DEFAULT CHARSET=latin1;

-- 
-- Dumping data for table `course_subjects`
--

INSERT INTO `course_subjects` (`subject_code`, `subject_name`, `course_code`, `semester`, `credit_hours`) VALUES
('CS', 'Communication Skills', 'B.Tech', 1, 3),
('DBMS', 'Database Management System', 'B.Tech', 2, 4),
('DLD', 'Data Logic and Design', 'B.Tech', 2, 3),
('DS', 'Data Structure', 'B.Tech', 1, 3),
('I2C', 'Introduction to Computer Science', 'B.Tech', 1, 4),
('IT', 'IT Project Management System', 'B.Tech', 2, 3),
('MBAD', 'Mobile Application Development', 'B.Tech', 2, 4),
('OOP', 'Object Oriented Programming', 'B.Tech', 2, 4),
('PF', 'Programming Fundamental', 'B.Tech', 1, 4),
('SE', 'Software Engineering', 'B.Tech', 2, 3),
('WEB', 'Web Development', 'B.Tech', 2, 3);

-- --------------------------------------------------------

--
-- Table structure for table `login`
--

CREATE TABLE `login` (
  `ID` int(11) NOT NULL,
  `user_id` varchar(30) NOT NULL,
  `Password` varchar(30) NOT NULL,
  `Role` varchar(10) NOT NULL
) ENGINE=InnoDB DEFAULT CHARSET=latin1;

--
-- Dumping data for table `login`
--

INSERT INTO `login` (`ID`, `user_id`, `Password`, `Role`) VALUES
(1, 'admin@gmail.com', 'admin', 'Admin');

-- --------------------------------------------------------


-- Table structure for table `student_attendance`
--

CREATE TABLE `student_attendance` (
  `attendance_id` int(11) NOT NULL,
  `course_code` varchar(10) NOT NULL,
  `subject_code` varchar(10) NOT NULL,
  `semester` int(11) NOT NULL,
  `student_id` varchar(20) NOT NULL,
  `attendance` int(11) NOT NULL,
  `attendance_date` varchar(11) NOT NULL
) ENGINE=InnoDB DEFAULT CHARSET=latin1;


--
-- Table structure for table `student_courses`
--

CREATE TABLE `student_courses` (
  `student_course_id` int(11) NOT NULL,
  `course_code` varchar(10) NOT NULL,
  `semester` int(11) NOT NULL,
  `roll_no` varchar(10) NOT NULL,
  `subject_code` varchar(10) NOT NULL,
  `assign_date` varchar(10) NOT NULL
) ENGINE=InnoDB DEFAULT CHARSET=latin1;

--
-- Table structure for table `student_fee`
--

CREATE TABLE `student_fee` (
  `fee_voucher` int(11) NOT NULL,
  `roll_no` varchar(30) NOT NULL,
  `amount` int(11) NOT NULL,
  `posting_date` timestamp NOT NULL DEFAULT current_timestamp() ON UPDATE current_timestamp(),
  `status` varchar(10) NOT NULL
) ENGINE=InnoDB DEFAULT CHARSET=latin1;


--
-- Table structure for table `student_info`
--

CREATE TABLE `student_info` (
  `roll_no` varchar(20) NOT NULL,
  `first_name` varchar(30) NOT NULL,
  `middle_name` varchar(30) NOT NULL,
  `last_name` varchar(30) NOT NULL,
  `father_name` varchar(30) NOT NULL,
  `email` varchar(30) NOT NULL,
  `mobile_no` varchar(11) NOT NULL,
  `course_code` varchar(11) NOT NULL,
  `profile_image` varchar(100) NOT NULL,
  `applicant_status` varchar(20) NOT NULL,
  `application_status` varchar(20) NOT NULL,
  `dob` varchar(10) NOT NULL,
  `other_phone` varchar(11) NOT NULL,
  `gender` varchar(10) NOT NULL,
  `permanent_address` varchar(150) NOT NULL,
  `current_address` varchar(150) NOT NULL,
  `place_of_birth` varchar(150) NOT NULL,
  `semester` int(11) NOT NULL,
  `total_marks` int(11) NOT NULL,
  `obtain_marks` int(11) NOT NULL,
  `admission_date` timestamp NOT NULL DEFAULT current_timestamp() ON UPDATE current_timestamp()
) ENGINE=InnoDB DEFAULT CHARSET=latin1;

-- --------------------------------------------------------

--
-- Table structure for table `teacher_attendance`
--

CREATE TABLE `teacher_attendance` (
  `attendance_id` int(11) NOT NULL,
  `teacher_id` varchar(30) NOT NULL,
  `attendance` int(11) NOT NULL,
  `attendance_date` varchar(11) NOT NULL
) ENGINE=InnoDB DEFAULT CHARSET=latin1;


--
-- Table structure for table `teacher_courses`
--

CREATE TABLE `teacher_courses` (
  `teacher_courses_id` int(11) NOT NULL,
  `course_code` varchar(10) NOT NULL,
  `semester` int(11) NOT NULL,
  `teacher_id` varchar(10) NOT NULL,
  `subject_code` varchar(10) NOT NULL,
  `assign_date` varchar(10) NOT NULL,
  `total_classes` int(11) NOT NULL
) ENGINE=InnoDB DEFAULT CHARSET=latin1;

--
-- Dumping data for table `teacher_courses`
--

INSERT INTO `teacher_courses` (`teacher_courses_id`, `course_code`, `semester`, `teacher_id`, `subject_code`, `assign_date`, `total_classes`) VALUES
(1, 'B.Tech', 2, '3', 'OOP', '27-09-24', 30),
(2, 'B.Tech', 2, '1', 'DBMS', '27-09-24', 30),
(3, 'B.Tech', 2, '3', 'DLD', '27-09-24', 30),
(4, 'B.Tech', 2, '1', 'SE', '27-09-24', 30),
(5, 'B.Tech', 2, '3', 'WEB', '27-09-24', 30);

-- --------------------------------------------------------

--
-- Table structure for table `teacher_info`
--

CREATE TABLE `teacher_info` (
  `teacher_id` int(11) NOT NULL,
  `first_name` varchar(30) NOT NULL,
  `middle_name` varchar(30) NOT NULL,
  `last_name` varchar(30) NOT NULL,
  `email` varchar(30) NOT NULL,
  `phone_no` varchar(11) NOT NULL,
  `profile_image` blob NOT NULL,
  `teacher_status` varchar(10) NOT NULL,
  `dob` varchar(15) NOT NULL,
  `other_phone` int(11) NOT NULL,
  `gender` varchar(10) NOT NULL,
  `permanent_address` varchar(100) NOT NULL,
  `current_address` varchar(100) NOT NULL,
  `place_of_birth` varchar(50) NOT NULL,
  `hire_date` varchar(10) NOT NULL
) ENGINE=InnoDB DEFAULT CHARSET=latin1;

-- --------------------------------------------------------


CREATE TABLE `teacher_salary_allowances` (
  `teacher_id` int(11) NOT NULL,
  `basic_salary` int(11) NOT NULL,
  `medical_allowance` int(11) NOT NULL,
  `hr_allowance` int(11) NOT NULL,
  `scale` int(11) NOT NULL
) ENGINE=InnoDB DEFAULT CHARSET=latin1;


--
-- Table structure for table `teacher_salary_report`
--

CREATE TABLE `teacher_salary_report` (
  `salary_id` int(11) NOT NULL,
  `teacher_id` int(11) NOT NULL,
  `total_amount` int(11) NOT NULL,
  `status` varchar(11) NOT NULL,
  `paid_date` timestamp NOT NULL DEFAULT current_timestamp() ON UPDATE current_timestamp()
) ENGINE=InnoDB DEFAULT CHARSET=latin1;

--
-- Table structure for table `time_table`
--

CREATE TABLE `time_table` (
  `id` int(11) NOT NULL,
  `course_code` varchar(10) NOT NULL,
  `semester` int(11) NOT NULL,
  `timing_from` varchar(10) NOT NULL,
  `timing_to` varchar(10) NOT NULL,
  `day` varchar(20) NOT NULL,
  `subject_code` varchar(20) NOT NULL,
  `room_no` int(11) NOT NULL
) ENGINE=InnoDB DEFAULT CHARSET=latin1;

--
-- Dumping data for table `time_table`
--

INSERT INTO `time_table` (`id`, `course_code`, `semester`, `timing_from`, `timing_to`, `day`, `subject_code`, `room_no`) VALUES
(1, 'B.Tech', 2, '18:00', '21:00', '1', 'OOP', 21),
(2, 'B.Tech', 2, '18:00', '21:00', '2', 'DBMS', 21),
(3, 'B.Tech', 2, '18:00', '21:00', '3', 'DLD', 7),
(4, 'B.Tech', 2, '18:00', '21:00', '4', 'SE', 21),
(5, 'B.Tech', 2, '18:00', '21:00', '5', 'WEB', 21);
-- --------------------------------------------------------

--
-- Table structure for table `weekdays`
--

CREATE TABLE `weekdays` (
  `day_id` int(11) NOT NULL,
  `day_name` varchar(15) NOT NULL
) ENGINE=InnoDB DEFAULT CHARSET=latin1;

--
-- Dumping data for table `weekdays`
--

INSERT INTO `weekdays` (`day_id`, `day_name`) VALUES
(1, 'Monday'),
(2, 'Tuesday'),
(3, 'Wednesday'),
(4, 'Thursday'),
(5, 'Friday'),
(6, 'Saturday'),
(7, 'Sunday');

--
-- Indexes for dumped tables
--

--
-- Indexes for table `class_result`
--
ALTER TABLE `class_result`
  ADD PRIMARY KEY (`class_result_id`);

--
-- Indexes for table `courses`
--
ALTER TABLE `courses`
  ADD PRIMARY KEY (`course_code`);

--
-- Indexes for table `course_subjects`
--
ALTER TABLE `course_subjects`
  ADD PRIMARY KEY (`subject_code`);

--
-- Indexes for table `login`
--
ALTER TABLE `login`
  ADD PRIMARY KEY (`ID`);

--
-- Indexes for table `student_attendance`
--
ALTER TABLE `student_attendance`
  ADD PRIMARY KEY (`attendance_id`);

--
-- Indexes for table `student_courses`
--
ALTER TABLE `student_courses`
  ADD PRIMARY KEY (`student_course_id`),
  ADD KEY `course_code` (`course_code`);

--
-- Indexes for table `student_fee`
--
ALTER TABLE `student_fee`
  ADD PRIMARY KEY (`fee_voucher`),
  ADD KEY `roll_no` (`roll_no`);

--
-- Indexes for table `student_info`
--
ALTER TABLE `student_info`
  ADD PRIMARY KEY (`roll_no`);

--
-- Indexes for table `teacher_attendance`
--
ALTER TABLE `teacher_attendance`
  ADD PRIMARY KEY (`attendance_id`);

--
-- Indexes for table `teacher_courses`
--
ALTER TABLE `teacher_courses`
  ADD PRIMARY KEY (`teacher_courses_id`);

--
-- Indexes for table `teacher_info`
--
ALTER TABLE `teacher_info`
  ADD PRIMARY KEY (`teacher_id`);

  --
-- Indexes for table `teacher_salary_allowances`
--
ALTER TABLE `teacher_salary_allowances`
  ADD PRIMARY KEY (`teacher_id`);


--
-- Indexes for table `teacher_salary_report`
--
ALTER TABLE `teacher_salary_report`
  ADD PRIMARY KEY (`salary_id`),
  ADD KEY `teacher_id` (`teacher_id`);

--
-- Indexes for table `time_table`
--
ALTER TABLE `time_table`
  ADD PRIMARY KEY (`id`);

--
-- Indexes for table `weekdays`
--
ALTER TABLE `weekdays`
  ADD PRIMARY KEY (`day_id`);

--
-- AUTO_INCREMENT for dumped tables
--

--
-- AUTO_INCREMENT for table `class_result`
--
ALTER TABLE `class_result`
  MODIFY `class_result_id` int(11) NOT NULL AUTO_INCREMENT, AUTO_INCREMENT=55;

--
-- AUTO_INCREMENT for table `login`
--
ALTER TABLE `login`
  MODIFY `ID` int(11) NOT NULL AUTO_INCREMENT, AUTO_INCREMENT=6;

--
-- AUTO_INCREMENT for table `student_attendance`
--
ALTER TABLE `student_attendance`
  MODIFY `attendance_id` int(11) NOT NULL AUTO_INCREMENT, AUTO_INCREMENT=9;

--
-- AUTO_INCREMENT for table `student_courses`
--
ALTER TABLE `student_courses`
  MODIFY `student_course_id` int(11) NOT NULL AUTO_INCREMENT, AUTO_INCREMENT=7;

--
-- AUTO_INCREMENT for table `student_fee`
--
ALTER TABLE `student_fee`
  MODIFY `fee_voucher` int(11) NOT NULL AUTO_INCREMENT, AUTO_INCREMENT=3;

--
-- AUTO_INCREMENT for table `teacher_attendance`
--
ALTER TABLE `teacher_attendance`
  MODIFY `attendance_id` int(11) NOT NULL AUTO_INCREMENT, AUTO_INCREMENT=6;

--
-- AUTO_INCREMENT for table `teacher_courses`
--
ALTER TABLE `teacher_courses`
  MODIFY `teacher_courses_id` int(11) NOT NULL AUTO_INCREMENT, AUTO_INCREMENT=6;

--
-- AUTO_INCREMENT for table `teacher_info`
--
ALTER TABLE `teacher_info`
  MODIFY `teacher_id` int(11) NOT NULL AUTO_INCREMENT, AUTO_INCREMENT=3;

--
-- AUTO_INCREMENT for table `teacher_salary_report`
--
ALTER TABLE `teacher_salary_report`
  MODIFY `salary_id` int(11) NOT NULL AUTO_INCREMENT, AUTO_INCREMENT=31;

--
-- AUTO_INCREMENT for table `time_table`
--
ALTER TABLE `time_table`
  MODIFY `id` int(11) NOT NULL AUTO_INCREMENT, AUTO_INCREMENT=7;

--
-- AUTO_INCREMENT for table `weekdays`
--
ALTER TABLE `weekdays`
  MODIFY `day_id` int(11) NOT NULL AUTO_INCREMENT, AUTO_INCREMENT=8;

--
-- Constraints for dumped tables
--

--
-- Constraints for table `teacher_salary_report`
--
ALTER TABLE `teacher_salary_report`
  ADD CONSTRAINT `teacher_salary_report_ibfk_1` FOREIGN KEY (`teacher_id`) REFERENCES `teacher_salary_allowances` (`teacher_id`);
COMMIT;

/*!40101 SET CHARACTER_SET_CLIENT=@OLD_CHARACTER_SET_CLIENT */;
/*!40101 SET CHARACTER_SET_RESULTS=@OLD_CHARACTER_SET_RESULTS */;
/*!40101 SET COLLATION_CONNECTION=@OLD_COLLATION_CONNECTION */;
